global_number,lesson_id,legacy_id,track,module,title,scene_file,scene_class,delivery_name,status
1,variables_et_polynomes,P01,programme,01 - Nombres réels et algèbre,Variables et polynômes,scenes/algebre_et_polynomes_fr/01_variables_et_polynomes_fr/01_variables_et_polynomes_fr_scene.py,VariablesEtPolynomes,01_variables_et_polynomes,existing_review_required
2,inequations_et_nombres_negatifs,P02,programme,01 - Nombres réels et algèbre,Inéquations et nombres négatifs,scenes/algebre_et_polynomes_fr/02_inequations_nombre_negatif_fr/02_inequations_nombre_negatif_fr_scene.py,InequationsNombreNegatifFR,02_inequations_et_nombres_negatifs,existing_review_required
3,racine_carree_et_valeur_absolue,P03,programme,01 - Nombres réels et algèbre,Racine carrée et valeur absolue,scenes/algebre_et_polynomes_fr/03_racine_carree_et_valeur_absolue_fr/03_racine_carree_et_valeur_absolue_fr_scene.py,RacineCarreeValeurAbsolueFR,03_racine_carree_et_valeur_absolue,existing_review_required
4,operations_nombres_reels,S01,programme,01 - Nombres réels et algèbre,Synthèse des opérations sur les nombres réels,scenes/algebre_et_polynomes_fr/04_operations_nombres_reels_fr/04_operations_nombres_reels_fr_scene.py,OperationsNombresReelsFR,04_operations_nombres_reels,authored
5,domaine_et_image_d_une_fonction,P04,programme,02 - Fonctions et graphiques,Domaine et image d'une fonction,scenes/fonctions_et_graphiques_fr/05_domaine_et_image_fr/05_domaine_et_image_fr_scene.py,FonctionsDomaineImageFR,05_domaine_et_image_d_une_fonction,existing_review_required
6,modeles_affines_et_quadratiques,P05,programme,02 - Fonctions et graphiques,Modèles affines et quadratiques,scenes/fonctions_et_graphiques_fr/06_modeles_affines_et_quadratiques_fr/06_modeles_affines_et_quadratiques_fr_scene.py,ModelesLineairesQuadratiques,06_modeles_affines_et_quadratiques,existing_review_required
7,lire_les_proprietes_d_un_graphe,P06,programme,02 - Fonctions et graphiques,Lire les propriétés d'un graphe,scenes/fonctions_et_graphiques_fr/07_lire_les_proprietes_d_un_graphe_fr/07_lire_les_proprietes_d_un_graphe_fr_scene.py,GraphProperties,07_lire_les_proprietes_d_un_graphe,existing_review_required
8,fonction_definie_par_morceaux,P07,programme,02 - Fonctions et graphiques,Fonction définie par morceaux,scenes/fonctions_et_graphiques_fr/08_fonction_par_morceaux_fr/08_fonction_par_morceaux_fr_scene.py,FonctionParMorceauxFR,08_fonction_definie_par_morceaux,existing_review_required
9,operations_sur_les_fonctions,P08,programme,02 - Fonctions et graphiques,Opérations sur les fonctions,scenes/fonctions_et_graphiques_fr/09_operations_sur_les_fonctions_fr/09_operations_sur_les_fonctions_fr_scene.py,OperationsFonctionsFR,09_operations_sur_les_fonctions,existing_review_required
10,composition_de_fonctions,P09,programme,02 - Fonctions et graphiques,Composition de fonctions,scenes/fonctions_et_graphiques_fr/10_composition_de_fonctions_fr/10_composition_de_fonctions_fr_scene.py,CompositionFonctionsFR,10_composition_de_fonctions,existing_review_required
11,fonction_reciproque,P10,programme,02 - Fonctions et graphiques,Fonction réciproque,scenes/fonctions_et_graphiques_fr/11_fonction_reciproque_fr/11_fonction_reciproque_fr_scene.py,FonctionReciproqueFR,11_fonction_reciproque,existing_review_required
12,racines_et_hauteur_zero,P11,programme,02 - Fonctions et graphiques,Racines et hauteur zéro,scenes/fonctions_et_graphiques_fr/12_racines_et_hauteur_zero_fr/12_racines_et_hauteur_zero_fr_scene.py,RacineHauteurZeroFR,12_racines_et_hauteur_zero,existing_review_required
13,multiplicite_des_racines,P12,programme,02 - Fonctions et graphiques,Multiplicité des racines,scenes/fonctions_et_graphiques_fr/13_multiplicite_des_racines_fr/13_multiplicite_des_racines_fr_scene.py,MultipliciteRacinesFR,13_multiplicite_des_racines,existing_review_required
14,completer_le_carre,P13,programme,02 - Fonctions et graphiques,Compléter le carré,scenes/algebre_et_polynomes_fr/14_completer_le_carre_fr/14_completer_le_carre_fr_scene.py,CompleteTheSquare,14_completer_le_carre,existing_review_required
15,fonctions_rationnelles,S02,programme,02 - Fonctions et graphiques,Fonctions rationnelles et leurs asymptotes,scenes/fonctions_et_graphiques_fr/15_fonctions_rationnelles_fr/15_fonctions_rationnelles_fr_scene.py,FonctionsRationnellesAsymptotesFR,15_fonctions_rationnelles,authored
16,exponentielles_et_logarithmes,P14,programme,03 - Exponentielles et logarithmes,Exponentielles et logarithmes,scenes/exponentielles_et_logarithmes_fr/16_logarithmes_fr/16_logarithmes_fr_scene.py,Logarithme,16_exponentielles_et_logarithmes,existing_review_required
17,principe_fondamental_du_denombrement,P15,programme,04 - Probabilités et dénombrement,Principe fondamental du dénombrement,scenes/probabilites_fr/17_principe_fondamental_du_denombrement_fr/17_principe_fondamental_du_denombrement_fr_scene.py,PrincipeFondamentalDenombrementFR,17_principe_fondamental_du_denombrement,existing_review_required
18,permutation_arrangement_combinaison,P16,programme,04 - Probabilités et dénombrement,"Permutation, arrangement et combinaison",scenes/probabilites_fr/18_permutation_arrangement_combinaison_fr/18_permutation_arrangement_combinaison_fr_scene.py,PermutationArrangementCombinaisonFR,18_permutation_arrangement_combinaison,existing_review_required
19,repetitions_en_denombrement,P17,programme,04 - Probabilités et dénombrement,Répétitions en dénombrement,scenes/probabilites_fr/19_repetitions_en_denombrement_fr/19_repetitions_en_denombrement_fr_scene.py,RepetitionsDenombrementFR,19_repetitions_en_denombrement,existing_review_required
20,modeles_probabilistes,S03,programme,04 - Probabilités et dénombrement,Modèles probabilistes élémentaires,scenes/probabilites_fr/20_modeles_probabilistes_fr/20_modeles_probabilistes_fr_scene.py,ModelesProbabilistesFR,20_modeles_probabilistes,authored
21,vecteurs_deplacement_et_composantes,P18,programme,05 - Vecteurs,Déplacement et composantes,scenes/vecteurs_fr/21_deplacement_et_composantes_fr/21_deplacement_et_composantes_fr_scene.py,VecteursDeplacementComposantesFR,21_vecteurs_deplacement_et_composantes,existing_review_required
22,operations_sur_les_vecteurs,P19,programme,05 - Vecteurs,Opérations sur les vecteurs,scenes/vecteurs_fr/22_operations_sur_les_vecteurs_fr/22_operations_sur_les_vecteurs_fr_scene.py,OperationsVecteursFR,22_operations_sur_les_vecteurs,existing_review_required
23,vecteurs_dans_r2_et_r3,P20,programme,05 - Vecteurs,Vecteurs dans R² et R³,scenes/vecteurs_fr/23_vecteurs_dans_r2_et_r3_fr/23_vecteurs_dans_r2_et_r3_fr_scene.py,VecteursR2R3FR,23_vecteurs_dans_r2_et_r3,existing_review_required
24,equations_droite_plan,S04,programme,05 - Vecteurs,Équations de la droite et du plan,scenes/vecteurs_fr/24_equations_droite_plan_fr/24_equations_droite_plan_fr_scene.py,EquationsDroitePlanFR,24_equations_droite_plan,authored
25,lire_et_appliquer_une_matrice,P21,programme,06 - Matrices,Lire et appliquer une matrice,scenes/matrices_fr/25_lire_et_appliquer_une_matrice_fr/25_lire_et_appliquer_une_matrice_fr_scene.py,MatricesLireEtAppliquerFR,25_lire_et_appliquer_une_matrice,existing_review_required
26,operations_sur_les_matrices,P22,programme,06 - Matrices,Opérations sur les matrices,scenes/matrices_fr/26_operations_sur_les_matrices_fr/26_operations_sur_les_matrices_fr_scene.py,OperationsMatricesFR,26_operations_sur_les_matrices,existing_review_required
27,determinant_et_matrice_inverse,P23,programme,06 - Matrices,Déterminant et matrice inverse,scenes/matrices_fr/27_determinant_et_matrice_inverse_fr/27_determinant_et_matrice_inverse_fr_scene.py,DeterminantEtMatriceInverseFR,27_determinant_et_matrice_inverse,existing_review_required
28,elimination_variables,S06,programme,06 - Matrices,Méthode d’élimination de variables,scenes/matrices_fr/28_elimination_variables_fr/28_elimination_variables_fr_scene.py,EliminationVariablesFR,28_elimination_variables,authored
29,regle_cramer,S05,programme,06 - Matrices,Règle de Cramer et systèmes par déterminants,scenes/matrices_fr/29_regle_cramer_fr/29_regle_cramer_fr_scene.py,RegleCramerFR,29_regle_cramer,authored
30,programmation_lineaire,S07,programme,06 - Matrices,Programmation linéaire à deux variables,scenes/matrices_fr/30_programmation_lineaire_fr/30_programmation_lineaire_fr_scene.py,ProgrammationLineaireFR,30_programmation_lineaire,authored
31,du_cercle_unite_a_la_fonction_sinus,P24,programme,07 - Trigonométrie,Du cercle unité à la fonction sinus,scenes/trigonometrie_fr/31_du_cercle_au_sinus_fr/31_du_cercle_au_sinus_fr_scene.py,SineCurveUnitCircle,31_du_cercle_unite_a_la_fonction_sinus,existing_review_required
32,trigonometrie_triangle,S08,programme,07 - Trigonométrie,Trigonométrie du triangle,scenes/trigonometrie_fr/32_trigonometrie_triangle_fr/32_trigonometrie_triangle_fr_scene.py,TrigonometrieTriangleFR,32_trigonometrie_triangle,authored
33,lois_sinus_cosinus,S09,programme,07 - Trigonométrie,Lois des sinus et des cosinus,scenes/trigonometrie_fr/33_lois_sinus_cosinus_fr/33_lois_sinus_cosinus_fr_scene.py,LoisSinusCosinusFR,33_lois_sinus_cosinus,authored
34,fonctions_trigonometriques_inverses,S10,programme,07 - Trigonométrie,Fonctions trigonométriques inverses,scenes/trigonometrie_fr/34_fonctions_trigonometriques_inverses_fr/34_fonctions_trigonometriques_inverses_fr_scene.py,FonctionsTrigonometriquesInversesFR,34_fonctions_trigonometriques_inverses,authored
35,aire_du_cercle,P25,programme,08 - Géométrie,Aire du cercle,scenes/geometrie_fr/35_aire_du_cercle_fr/35_aire_du_cercle_fr_scene.py,CircleAreaFR,35_aire_du_cercle,existing_review_required
36,pythagore_par_les_aires,P26,programme,08 - Géométrie,Pythagore par les aires,scenes/geometrie_fr/36_pythagore_par_les_aires_fr/36_pythagore_par_les_aires_fr_scene.py,PythagoreAireFR,36_pythagore_par_les_aires,existing_review_required
37,notation_sigma,P27,programme,09 - Notations,Notation sigma,scenes/notations_fr/37_notation_sigma_fr/37_notation_sigma_fr_scene.py,SigmaSommeBoucleFR,37_notation_sigma,existing_review_required
38,implication_et_equivalence,E01,errors,Erreurs fréquentes,Implication et équivalence,scenes/erreurs_frequentes_fr/38_implication_et_equivalence_fr/38_implication_et_equivalence_fr_scene.py,ImplicationEtEquivalenceFR,38_implication_et_equivalence,existing_review_required
39,racine_d_un_produit,E02,errors,Erreurs fréquentes,Racine d'un produit,scenes/erreurs_frequentes_fr/39_racine_d_un_produit_fr/39_racine_d_un_produit_fr_scene.py,RacineProduitHypothesesFR,39_racine_d_un_produit,existing_review_required
40,egalite_de_fonctions,E03,errors,Erreurs fréquentes,Égalité de fonctions,scenes/erreurs_frequentes_fr/40_egalite_de_fonctions_fr/40_egalite_de_fonctions_fr_scene.py,EgaliteDeFonctionsFR,40_egalite_de_fonctions,existing_review_required
41,solutions_parasites,E04,errors,Erreurs fréquentes,Solutions parasites,scenes/erreurs_frequentes_fr/41_solutions_parasites_fr/41_solutions_parasites_fr_scene.py,CarreEtSolutionsParasitesFR,41_solutions_parasites,existing_review_required
42,ordre_de_composition,E05,errors,Erreurs fréquentes,Ordre de composition,scenes/erreurs_frequentes_fr/42_ordre_de_composition_fr/42_ordre_de_composition_fr_scene.py,CompositionNonCommutativeFR,42_ordre_de_composition,existing_review_required
43,annulation_dans_les_fractions,E06,errors,Erreurs fréquentes,Annulation dans les fractions,scenes/erreurs_frequentes_fr/43_annulation_dans_les_fractions_fr/43_annulation_dans_les_fractions_fr_scene.py,AnnulationFractionsFR,43_annulation_dans_les_fractions,existing_review_required
