category	filename	label	url	source_page	credit	rights_status
leadership	stephane_pallage.jpg	Stéphane Pallage — recteur	https://salledepresse.uqam.ca/wp-content/uploads/sites/16/2023/07/Pallage_Stephane_2023_03-scaled.jpg	https://salledepresse.uqam.ca/banque-de-photos/photos-des-membres-de-la-direction-et-de-la-fondation-de-luqam/	Photo UQAM	Official press-room high-resolution download; mandatory UQAM credit.
leadership	johanne_grenier.jpg	Johanne Grenier — vice-rectrice à la Vie académique	https://salledepresse.uqam.ca/wp-content/uploads/sites/16/2024/11/grenier-johanne-2024-add13-web-1536x1152-w.jpg	https://salledepresse.uqam.ca/banque-de-photos/photos-des-membres-de-la-direction-et-de-la-fondation-de-luqam/	Photo UQAM	Official press-room high-resolution download; mandatory UQAM credit.
leadership	lucie_menard.jpg	Lucie Ménard — vice-rectrice à la Recherche	https://salledepresse.uqam.ca/wp-content/uploads/sites/16/2025/07/et_2017_Menard_Lucie-049-scaled.jpg	https://salledepresse.uqam.ca/banque-de-photos/photos-des-membres-de-la-direction-et-de-la-fondation-de-luqam/	Photo UQAM	Official press-room high-resolution download; mandatory UQAM credit.
leadership	guy_joffroy_lord.jpg	Guy-Joffroy Lord — vice-recteur à l'Administration	https://salledepresse.uqam.ca/wp-content/uploads/sites/16/2025/05/Lord_Guy-Joffroy_2023_01_w-scaled.jpg	https://salledepresse.uqam.ca/banque-de-photos/photos-des-membres-de-la-direction-et-de-la-fondation-de-luqam/	Photo UQAM	Official press-room high-resolution download; mandatory UQAM credit.
leadership	guylaine_landry.jpg	Guylaine Landry — vice-rectrice au Développement humain	https://salledepresse.uqam.ca/wp-content/uploads/sites/16/2024/01/Guylaine-Landry.jpg	https://salledepresse.uqam.ca/banque-de-photos/photos-des-membres-de-la-direction-et-de-la-fondation-de-luqam/	Photo UQAM	Official press-room high-resolution download; mandatory UQAM credit.
leadership	louis_sebastien_guimond.jpg	Louis-Sébastien Guimond — vice-recteur aux Systèmes d'information	https://salledepresse.uqam.ca/wp-content/uploads/sites/16/2022/01/2018_Guimond_Louis-Sebastien-scaled.jpg	https://salledepresse.uqam.ca/banque-de-photos/photos-des-membres-de-la-direction-et-de-la-fondation-de-luqam/	Photo UQAM	Official press-room high-resolution download; mandatory UQAM credit.
leadership	priscilla_ananian.jpg	Priscilla Ananian — vice-rectrice associée	https://salledepresse.uqam.ca/wp-content/uploads/sites/16/2024/02/Ananian_Priscilla_2024-scaled.jpg	https://salledepresse.uqam.ca/banque-de-photos/photos-des-membres-de-la-direction-et-de-la-fondation-de-luqam/	Photo UQAM	Official press-room high-resolution download; mandatory UQAM credit.
leadership	fabrice_brunet.jpg	Fabrice Brunet — vice-recteur associé	https://salledepresse.uqam.ca/wp-content/uploads/sites/16/2024/10/Fabrice_Brunet_W.jpg	https://salledepresse.uqam.ca/banque-de-photos/photos-des-membres-de-la-direction-et-de-la-fondation-de-luqam/	Photo UQAM	Official press-room high-resolution download; mandatory UQAM credit.
leadership	marylene_drouin.jpg	Marylène Drouin — secrétaire générale	https://salledepresse.uqam.ca/wp-content/uploads/sites/16/2022/09/Marylene_Drouin-scaled.jpg	https://salledepresse.uqam.ca/banque-de-photos/photos-des-membres-de-la-direction-et-de-la-fondation-de-luqam/	Photo UQAM	Official press-room high-resolution download; mandatory UQAM credit.
leadership	simon_prevost.jpg	Simon Prévost — directeur général de la Fondation	https://salledepresse.uqam.ca/wp-content/uploads/sites/16/2026/01/simon-prevost-w2-582x582-1.jpg	https://salledepresse.uqam.ca/banque-de-photos/photos-des-membres-de-la-direction-et-de-la-fondation-de-luqam/	Photo UQAM	Official press-room download; mandatory UQAM credit.
mathematics_research	mamadou_yauck.jpg	Mamadou Yauck — statistique et recherche	https://actualites.uqam.ca/wp-content/uploads/2023/02/mamadou-yauck-w.jpg	https://actualites.uqam.ca/2023/mamadou-yauck-statisticien-engage/	Sarah Emily St-Gelais	Editorial reference; formal republication permission not independently verified.
mathematics_research	ismaila_balde.jpg	Ismaïla Baldé — doctorat en mathématiques	https://actualites.uqam.ca/wp-content/uploads/2022/01/ismaila-6247.jpg	https://actualites.uqam.ca/2021/ismaila-balde-mordu-recherche/	Nathalie St-Pierre	Editorial reference; formal republication permission not independently verified.
math_education	nunavik_classe.jpg	Programmation et mathématiques — classe	https://actualites.uqam.ca/wp-content/uploads/2023/10/classe-copie.jpg	https://actualites.uqam.ca/2023/programmation-informatique-ecole-nunavik/	Fabienne Venant	Editorial reference; formal republication permission not independently verified.
math_education	nunavik_classe_3.jpg	Programmation et mathématiques — activité	https://actualites.uqam.ca/wp-content/uploads/2023/10/classe3-copie.jpg	https://actualites.uqam.ca/2023/programmation-informatique-ecole-nunavik/	Fabienne Venant	Editorial reference; formal republication permission not independently verified.
math_education	nunavik_drone_robot.jpg	Mathématiques, robotique et drone	https://actualites.uqam.ca/wp-content/uploads/2023/10/drone2-robot.jpg	https://actualites.uqam.ca/2023/programmation-informatique-ecole-nunavik/	Fabienne Venant	Editorial reference; formal republication permission not independently verified.
math_education	nunavik_equipe.jpg	Équipe du projet de programmation mathématique	https://actualites.uqam.ca/wp-content/uploads/2023/10/equipe-projet-copie.jpg	https://actualites.uqam.ca/2023/programmation-informatique-ecole-nunavik/	Fabienne Venant	Editorial reference; formal republication permission not independently verified.
libraries	bibliotheque_aquin_2804.jpg	Bibliothèque Hubert-Aquin — espace lumineux 2804	https://actualites.uqam.ca/wp-content/uploads/2022/01/bibliotheque-aquin-2804.jpg	https://actualites.uqam.ca/2019/nouveaux-espaces-lumineux-bibliotheque/	Nathalie St-Pierre	Editorial reference; formal republication permission not independently verified.
libraries	bibliotheque_aquin_2814.jpg	Bibliothèque Hubert-Aquin — espace lumineux 2814	https://actualites.uqam.ca/wp-content/uploads/2022/01/bibliotheque-aquin-2814.jpg	https://actualites.uqam.ca/2019/nouveaux-espaces-lumineux-bibliotheque/	Nathalie St-Pierre	Editorial reference; formal republication permission not independently verified.
libraries	bibliotheque_aquin_2831.jpg	Bibliothèque Hubert-Aquin — espace lumineux 2831	https://actualites.uqam.ca/wp-content/uploads/2022/01/bibliotheque-aquin-2831.jpg	https://actualites.uqam.ca/2019/nouveaux-espaces-lumineux-bibliotheque/	Nathalie St-Pierre	Editorial reference; formal republication permission not independently verified.
libraries	bibliotheque_aquin_2832.jpg	Bibliothèque Hubert-Aquin — espace lumineux 2832	https://actualites.uqam.ca/wp-content/uploads/2022/01/bibliotheque-aquin-2832.jpg	https://actualites.uqam.ca/2019/nouveaux-espaces-lumineux-bibliotheque/	Nathalie St-Pierre	Editorial reference; formal republication permission not independently verified.
libraries	bibliotheque_aquin_2837.jpg	Bibliothèque Hubert-Aquin — espace lumineux 2837	https://actualites.uqam.ca/wp-content/uploads/2022/01/bibliotheque-aquin-2837.jpg	https://actualites.uqam.ca/2019/nouveaux-espaces-lumineux-bibliotheque/	Nathalie St-Pierre	Editorial reference; formal republication permission not independently verified.
libraries	bibliotheque_aquin_2845.jpg	Bibliothèque Hubert-Aquin — espace lumineux 2845	https://actualites.uqam.ca/wp-content/uploads/2022/01/bibliotheque-aquin-2845.jpg	https://actualites.uqam.ca/2019/nouveaux-espaces-lumineux-bibliotheque/	Nathalie St-Pierre	Editorial reference; formal republication permission not independently verified.
